/Users/bell/in_and_outbox/data_sets/nrt_nasatime_seaice/nt_20170101_f18_nrt_n.csv,146875
/Users/bell/in_and_outbox/data_sets/nrt_nasatime_seaice/nt_20170102_f18_nrt_n.csv,123125
/Users/bell/in_and_outbox/data_sets/nrt_nasatime_seaice/nt_20170103_f18_nrt_n.csv,108750
/Users/bell/in_and_outbox/data_sets/nrt_nasatime_seaice/nt_20170104_f18_nrt_n.csv,119375
/Users/bell/in_and_outbox/data_sets/nrt_nasatime_seaice/nt_20170105_f18_nrt_n.csv,111875
/Users/bell/in_and_outbox/data_sets/nrt_nasatime_seaice/nt_20170106_f18_nrt_n.csv,119375
/Users/bell/in_and_outbox/data_sets/nrt_nasatime_seaice/nt_20170107_f18_nrt_n.csv,123750
/Users/bell/in_and_outbox/data_sets/nrt_nasatime_seaice/nt_20170108_f18_nrt_n.csv,120625
/Users/bell/in_and_outbox/data_sets/nrt_nasatime_seaice/nt_20170109_f18_nrt_n.csv,134375
/Users/bell/in_and_outbox/data_sets/nrt_nasatime_seaice/nt_20170110_f18_nrt_n.csv,144375
/Users/bell/in_and_outbox/data_sets/nrt_nasatime_seaice/nt_20170111_f18_nrt_n.csv,162500
/Users/bell/in_and_outbox/data_sets/nrt_nasatime_seaice/nt_20170112_f18_nrt_n.csv,177500
/Users/bell/in_and_outbox/data_sets/nrt_nasatime_seaice/nt_20170113_f18_nrt_n.csv,223125
/Users/bell/in_and_outbox/data_sets/nrt_nasatime_seaice/nt_20170114_f18_nrt_n.csv,255625
/Users/bell/in_and_outbox/data_sets/nrt_nasatime_seaice/nt_20170115_f18_nrt_n.csv,280625
/Users/bell/in_and_outbox/data_sets/nrt_nasatime_seaice/nt_20170116_f18_nrt_n.csv,318125
/Users/bell/in_and_outbox/data_sets/nrt_nasatime_seaice/nt_20170117_f18_nrt_n.csv,335000
/Users/bell/in_and_outbox/data_sets/nrt_nasatime_seaice/nt_20170118_f18_nrt_n.csv,357500
/Users/bell/in_and_outbox/data_sets/nrt_nasatime_seaice/nt_20170119_f18_nrt_n.csv,373125
/Users/bell/in_and_outbox/data_sets/nrt_nasatime_seaice/nt_20170120_f18_nrt_n.csv,386875
/Users/bell/in_and_outbox/data_sets/nrt_nasatime_seaice/nt_20170121_f18_nrt_n.csv,405000
/Users/bell/in_and_outbox/data_sets/nrt_nasatime_seaice/nt_20170122_f18_nrt_n.csv,424375
/Users/bell/in_and_outbox/data_sets/nrt_nasatime_seaice/nt_20170123_f18_nrt_n.csv,500000
/Users/bell/in_and_outbox/data_sets/nrt_nasatime_seaice/nt_20170124_f18_nrt_n.csv,449375
/Users/bell/in_and_outbox/data_sets/nrt_nasatime_seaice/nt_20170125_f18_nrt_n.csv,460625
/Users/bell/in_and_outbox/data_sets/nrt_nasatime_seaice/nt_20170126_f18_nrt_n.csv,471250
/Users/bell/in_and_outbox/data_sets/nrt_nasatime_seaice/nt_20170127_f18_nrt_n.csv,468750
/Users/bell/in_and_outbox/data_sets/nrt_nasatime_seaice/nt_20170128_f18_nrt_n.csv,453750
/Users/bell/in_and_outbox/data_sets/nrt_nasatime_seaice/nt_20170129_f18_nrt_n.csv,449375
/Users/bell/in_and_outbox/data_sets/nrt_nasatime_seaice/nt_20170130_f18_nrt_n.csv,449375
/Users/bell/in_and_outbox/data_sets/nrt_nasatime_seaice/nt_20170131_f18_nrt_n.csv,395625
/Users/bell/in_and_outbox/data_sets/nrt_nasatime_seaice/nt_20170201_f18_nrt_n.csv,401250
/Users/bell/in_and_outbox/data_sets/nrt_nasatime_seaice/nt_20170202_f18_nrt_n.csv,366250
/Users/bell/in_and_outbox/data_sets/nrt_nasatime_seaice/nt_20170203_f18_nrt_n.csv,358125
/Users/bell/in_and_outbox/data_sets/nrt_nasatime_seaice/nt_20170204_f18_nrt_n.csv,365625
/Users/bell/in_and_outbox/data_sets/nrt_nasatime_seaice/nt_20170205_f18_nrt_n.csv,373125
/Users/bell/in_and_outbox/data_sets/nrt_nasatime_seaice/nt_20170206_f18_nrt_n.csv,395625
/Users/bell/in_and_outbox/data_sets/nrt_nasatime_seaice/nt_20170207_f18_nrt_n.csv,411875
/Users/bell/in_and_outbox/data_sets/nrt_nasatime_seaice/nt_20170208_f18_nrt_n.csv,430000
/Users/bell/in_and_outbox/data_sets/nrt_nasatime_seaice/nt_20170209_f18_nrt_n.csv,452500
/Users/bell/in_and_outbox/data_sets/nrt_nasatime_seaice/nt_20170210_f18_nrt_n.csv,485625
/Users/bell/in_and_outbox/data_sets/nrt_nasatime_seaice/nt_20170211_f18_nrt_n.csv,505625
/Users/bell/in_and_outbox/data_sets/nrt_nasatime_seaice/nt_20170212_f18_nrt_n.csv,526250
/Users/bell/in_and_outbox/data_sets/nrt_nasatime_seaice/nt_20170213_f18_nrt_n.csv,565625
/Users/bell/in_and_outbox/data_sets/nrt_nasatime_seaice/nt_20170214_f18_nrt_n.csv,584375
/Users/bell/in_and_outbox/data_sets/nrt_nasatime_seaice/nt_20170215_f18_nrt_n.csv,589375
/Users/bell/in_and_outbox/data_sets/nrt_nasatime_seaice/nt_20170216_f18_nrt_n.csv,598750
/Users/bell/in_and_outbox/data_sets/nrt_nasatime_seaice/nt_20170217_f18_nrt_n.csv,609375
/Users/bell/in_and_outbox/data_sets/nrt_nasatime_seaice/nt_20170218_f18_nrt_n.csv,618750
/Users/bell/in_and_outbox/data_sets/nrt_nasatime_seaice/nt_20170219_f18_nrt_n.csv,632500
/Users/bell/in_and_outbox/data_sets/nrt_nasatime_seaice/nt_20170220_f18_nrt_n.csv,643750
/Users/bell/in_and_outbox/data_sets/nrt_nasatime_seaice/nt_20170221_f18_nrt_n.csv,655000
/Users/bell/in_and_outbox/data_sets/nrt_nasatime_seaice/nt_20170222_f18_nrt_n.csv,626250
/Users/bell/in_and_outbox/data_sets/nrt_nasatime_seaice/nt_20170223_f18_nrt_n.csv,611250
/Users/bell/in_and_outbox/data_sets/nrt_nasatime_seaice/nt_20170224_f18_nrt_n.csv,561875
/Users/bell/in_and_outbox/data_sets/nrt_nasatime_seaice/nt_20170225_f18_nrt_n.csv,530625
/Users/bell/in_and_outbox/data_sets/nrt_nasatime_seaice/nt_20170226_f18_nrt_n.csv,485625
/Users/bell/in_and_outbox/data_sets/nrt_nasatime_seaice/nt_20170227_f18_nrt_n.csv,480000
/Users/bell/in_and_outbox/data_sets/nrt_nasatime_seaice/nt_20170228_f18_nrt_n.csv,515000
/Users/bell/in_and_outbox/data_sets/nrt_nasatime_seaice/nt_20170301_f18_nrt_n.csv,570625
/Users/bell/in_and_outbox/data_sets/nrt_nasatime_seaice/nt_20170302_f18_nrt_n.csv,591250
/Users/bell/in_and_outbox/data_sets/nrt_nasatime_seaice/nt_20170303_f18_nrt_n.csv,590625
/Users/bell/in_and_outbox/data_sets/nrt_nasatime_seaice/nt_20170304_f18_nrt_n.csv,597500
/Users/bell/in_and_outbox/data_sets/nrt_nasatime_seaice/nt_20170305_f18_nrt_n.csv,618750
/Users/bell/in_and_outbox/data_sets/nrt_nasatime_seaice/nt_20170306_f18_nrt_n.csv,616875
/Users/bell/in_and_outbox/data_sets/nrt_nasatime_seaice/nt_20170307_f18_nrt_n.csv,614375
/Users/bell/in_and_outbox/data_sets/nrt_nasatime_seaice/nt_20170308_f18_nrt_n.csv,615000
/Users/bell/in_and_outbox/data_sets/nrt_nasatime_seaice/nt_20170309_f18_nrt_n.csv,600000
/Users/bell/in_and_outbox/data_sets/nrt_nasatime_seaice/nt_20170310_f18_nrt_n.csv,587500
/Users/bell/in_and_outbox/data_sets/nrt_nasatime_seaice/nt_20170311_f18_nrt_n.csv,587500
/Users/bell/in_and_outbox/data_sets/nrt_nasatime_seaice/nt_20170312_f18_nrt_n.csv,596875
/Users/bell/in_and_outbox/data_sets/nrt_nasatime_seaice/nt_20170313_f18_nrt_n.csv,603750
/Users/bell/in_and_outbox/data_sets/nrt_nasatime_seaice/nt_20170314_f18_nrt_n.csv,607500
/Users/bell/in_and_outbox/data_sets/nrt_nasatime_seaice/nt_20170315_f18_nrt_n.csv,616250
/Users/bell/in_and_outbox/data_sets/nrt_nasatime_seaice/nt_20170316_f18_nrt_n.csv,606250
/Users/bell/in_and_outbox/data_sets/nrt_nasatime_seaice/nt_20170317_f18_nrt_n.csv,606250
/Users/bell/in_and_outbox/data_sets/nrt_nasatime_seaice/nt_20170318_f18_nrt_n.csv,608750
/Users/bell/in_and_outbox/data_sets/nrt_nasatime_seaice/nt_20170319_f18_nrt_n.csv,617500
/Users/bell/in_and_outbox/data_sets/nrt_nasatime_seaice/nt_20170320_f18_nrt_n.csv,621250
/Users/bell/in_and_outbox/data_sets/nrt_nasatime_seaice/nt_20170321_f18_nrt_n.csv,630625
/Users/bell/in_and_outbox/data_sets/nrt_nasatime_seaice/nt_20170322_f18_nrt_n.csv,641250
/Users/bell/in_and_outbox/data_sets/nrt_nasatime_seaice/nt_20170323_f18_nrt_n.csv,645000
/Users/bell/in_and_outbox/data_sets/nrt_nasatime_seaice/nt_20170324_f18_nrt_n.csv,651875
/Users/bell/in_and_outbox/data_sets/nrt_nasatime_seaice/nt_20170325_f18_nrt_n.csv,658125
/Users/bell/in_and_outbox/data_sets/nrt_nasatime_seaice/nt_20170326_f18_nrt_n.csv,658750
/Users/bell/in_and_outbox/data_sets/nrt_nasatime_seaice/nt_20170327_f18_nrt_n.csv,665000
/Users/bell/in_and_outbox/data_sets/nrt_nasatime_seaice/nt_20170328_f18_nrt_n.csv,680000
/Users/bell/in_and_outbox/data_sets/nrt_nasatime_seaice/nt_20170329_f18_nrt_n.csv,688750
/Users/bell/in_and_outbox/data_sets/nrt_nasatime_seaice/nt_20170330_f18_nrt_n.csv,705000
/Users/bell/in_and_outbox/data_sets/nrt_nasatime_seaice/nt_20170331_f18_nrt_n.csv,665000
/Users/bell/in_and_outbox/data_sets/nrt_nasatime_seaice/nt_20170401_f18_nrt_n.csv,645625
/Users/bell/in_and_outbox/data_sets/nrt_nasatime_seaice/nt_20170402_f18_nrt_n.csv,629375
/Users/bell/in_and_outbox/data_sets/nrt_nasatime_seaice/nt_20170403_f18_nrt_n.csv,638750
/Users/bell/in_and_outbox/data_sets/nrt_nasatime_seaice/nt_20170404_f18_nrt_n.csv,641875
/Users/bell/in_and_outbox/data_sets/nrt_nasatime_seaice/nt_20170405_f18_nrt_n.csv,645625
/Users/bell/in_and_outbox/data_sets/nrt_nasatime_seaice/nt_20170406_f18_nrt_n.csv,622500
/Users/bell/in_and_outbox/data_sets/nrt_nasatime_seaice/nt_20170407_f18_nrt_n.csv,623750
/Users/bell/in_and_outbox/data_sets/nrt_nasatime_seaice/nt_20170408_f18_nrt_n.csv,583750
/Users/bell/in_and_outbox/data_sets/nrt_nasatime_seaice/nt_20170409_f18_nrt_n.csv,546250
/Users/bell/in_and_outbox/data_sets/nrt_nasatime_seaice/nt_20170410_f18_nrt_n.csv,525625
/Users/bell/in_and_outbox/data_sets/nrt_nasatime_seaice/nt_20170411_f18_nrt_n.csv,526875
/Users/bell/in_and_outbox/data_sets/nrt_nasatime_seaice/nt_20170412_f18_nrt_n.csv,526250
/Users/bell/in_and_outbox/data_sets/nrt_nasatime_seaice/nt_20170413_f18_nrt_n.csv,453750
/Users/bell/in_and_outbox/data_sets/nrt_nasatime_seaice/nt_20170414_f18_nrt_n.csv,425625
/Users/bell/in_and_outbox/data_sets/nrt_nasatime_seaice/nt_20170415_f18_nrt_n.csv,416250
/Users/bell/in_and_outbox/data_sets/nrt_nasatime_seaice/nt_20170416_f18_nrt_n.csv,383750
/Users/bell/in_and_outbox/data_sets/nrt_nasatime_seaice/nt_20170417_f18_nrt_n.csv,370625
/Users/bell/in_and_outbox/data_sets/nrt_nasatime_seaice/nt_20170418_f18_nrt_n.csv,358125
/Users/bell/in_and_outbox/data_sets/nrt_nasatime_seaice/nt_20170419_f18_nrt_n.csv,352500
/Users/bell/in_and_outbox/data_sets/nrt_nasatime_seaice/nt_20170420_f18_nrt_n.csv,343125
/Users/bell/in_and_outbox/data_sets/nrt_nasatime_seaice/nt_20170421_f18_nrt_n.csv,336250
/Users/bell/in_and_outbox/data_sets/nrt_nasatime_seaice/nt_20170422_f18_nrt_n.csv,344375
/Users/bell/in_and_outbox/data_sets/nrt_nasatime_seaice/nt_20170423_f18_nrt_n.csv,354375
/Users/bell/in_and_outbox/data_sets/nrt_nasatime_seaice/nt_20170424_f18_nrt_n.csv,313125
/Users/bell/in_and_outbox/data_sets/nrt_nasatime_seaice/nt_20170425_f18_nrt_n.csv,305625
/Users/bell/in_and_outbox/data_sets/nrt_nasatime_seaice/nt_20170426_f18_nrt_n.csv,273750
/Users/bell/in_and_outbox/data_sets/nrt_nasatime_seaice/nt_20170427_f18_nrt_n.csv,243750
/Users/bell/in_and_outbox/data_sets/nrt_nasatime_seaice/nt_20170428_f18_nrt_n.csv,237500
/Users/bell/in_and_outbox/data_sets/nrt_nasatime_seaice/nt_20170429_f18_nrt_n.csv,234375
/Users/bell/in_and_outbox/data_sets/nrt_nasatime_seaice/nt_20170430_f18_nrt_n.csv,215625
/Users/bell/in_and_outbox/data_sets/nrt_nasatime_seaice/nt_20170501_f18_nrt_n.csv,193125
/Users/bell/in_and_outbox/data_sets/nrt_nasatime_seaice/nt_20170502_f18_nrt_n.csv,173750
/Users/bell/in_and_outbox/data_sets/nrt_nasatime_seaice/nt_20170503_f18_nrt_n.csv,165000
/Users/bell/in_and_outbox/data_sets/nrt_nasatime_seaice/nt_20170504_f18_nrt_n.csv,150625
/Users/bell/in_and_outbox/data_sets/nrt_nasatime_seaice/nt_20170505_f18_nrt_n.csv,146875
/Users/bell/in_and_outbox/data_sets/nrt_nasatime_seaice/nt_20170506_f18_nrt_n.csv,163750
/Users/bell/in_and_outbox/data_sets/nrt_nasatime_seaice/nt_20170507_f18_nrt_n.csv,165000
/Users/bell/in_and_outbox/data_sets/nrt_nasatime_seaice/nt_20170508_f18_nrt_n.csv,128750
/Users/bell/in_and_outbox/data_sets/nrt_nasatime_seaice/nt_20170509_f18_nrt_n.csv,92500
/Users/bell/in_and_outbox/data_sets/nrt_nasatime_seaice/nt_20170510_f18_nrt_n.csv,70625
/Users/bell/in_and_outbox/data_sets/nrt_nasatime_seaice/nt_20170511_f18_nrt_n.csv,65625
/Users/bell/in_and_outbox/data_sets/nrt_nasatime_seaice/nt_20170512_f18_nrt_n.csv,50625
/Users/bell/in_and_outbox/data_sets/nrt_nasatime_seaice/nt_20170513_f18_nrt_n.csv,50625
/Users/bell/in_and_outbox/data_sets/nrt_nasatime_seaice/nt_20170514_f18_nrt_n.csv,40000
/Users/bell/in_and_outbox/data_sets/nrt_nasatime_seaice/nt_20170515_f18_nrt_n.csv,32500
/Users/bell/in_and_outbox/data_sets/nrt_nasatime_seaice/nt_20170516_f18_nrt_n.csv,52500
/Users/bell/in_and_outbox/data_sets/nrt_nasatime_seaice/nt_20170517_f18_nrt_n.csv,36250
/Users/bell/in_and_outbox/data_sets/nrt_nasatime_seaice/nt_20170518_f18_nrt_n.csv,30625
/Users/bell/in_and_outbox/data_sets/nrt_nasatime_seaice/nt_20170519_f18_nrt_n.csv,26875
/Users/bell/in_and_outbox/data_sets/nrt_nasatime_seaice/nt_20170520_f18_nrt_n.csv,27500
/Users/bell/in_and_outbox/data_sets/nrt_nasatime_seaice/nt_20170521_f18_nrt_n.csv,25000
/Users/bell/in_and_outbox/data_sets/nrt_nasatime_seaice/nt_20170522_f18_nrt_n.csv,31250
/Users/bell/in_and_outbox/data_sets/nrt_nasatime_seaice/nt_20170523_f18_nrt_n.csv,30625
/Users/bell/in_and_outbox/data_sets/nrt_nasatime_seaice/nt_20170524_f18_nrt_n.csv,37500
/Users/bell/in_and_outbox/data_sets/nrt_nasatime_seaice/nt_20170525_f18_nrt_n.csv,16875
/Users/bell/in_and_outbox/data_sets/nrt_nasatime_seaice/nt_20170526_f18_nrt_n.csv,18125
/Users/bell/in_and_outbox/data_sets/nrt_nasatime_seaice/nt_20170527_f18_nrt_n.csv,16250
/Users/bell/in_and_outbox/data_sets/nrt_nasatime_seaice/nt_20170528_f18_nrt_n.csv,14375
/Users/bell/in_and_outbox/data_sets/nrt_nasatime_seaice/nt_20170529_f18_nrt_n.csv,15625
/Users/bell/in_and_outbox/data_sets/nrt_nasatime_seaice/nt_20170530_f18_nrt_n.csv,17500
/Users/bell/in_and_outbox/data_sets/nrt_nasatime_seaice/nt_20170531_f18_nrt_n.csv,18125
/Users/bell/in_and_outbox/data_sets/nrt_nasatime_seaice/nt_20170601_f18_nrt_n.csv,13125
/Users/bell/in_and_outbox/data_sets/nrt_nasatime_seaice/nt_20170602_f18_nrt_n.csv,17500
/Users/bell/in_and_outbox/data_sets/nrt_nasatime_seaice/nt_20170603_f18_nrt_n.csv,15000
/Users/bell/in_and_outbox/data_sets/nrt_nasatime_seaice/nt_20170604_f18_nrt_n.csv,20000
/Users/bell/in_and_outbox/data_sets/nrt_nasatime_seaice/nt_20170605_f18_nrt_n.csv,14375
/Users/bell/in_and_outbox/data_sets/nrt_nasatime_seaice/nt_20170606_f18_nrt_n.csv,20000
/Users/bell/in_and_outbox/data_sets/nrt_nasatime_seaice/nt_20170607_f18_nrt_n.csv,14375
/Users/bell/in_and_outbox/data_sets/nrt_nasatime_seaice/nt_20170608_f18_nrt_n.csv,16875
/Users/bell/in_and_outbox/data_sets/nrt_nasatime_seaice/nt_20170609_f18_nrt_n.csv,17500
/Users/bell/in_and_outbox/data_sets/nrt_nasatime_seaice/nt_20170610_f18_nrt_n.csv,16875
/Users/bell/in_and_outbox/data_sets/nrt_nasatime_seaice/nt_20170611_f18_nrt_n.csv,14375
/Users/bell/in_and_outbox/data_sets/nrt_nasatime_seaice/nt_20170612_f18_nrt_n.csv,16875
/Users/bell/in_and_outbox/data_sets/nrt_nasatime_seaice/nt_20170613_f18_nrt_n.csv,14375
/Users/bell/in_and_outbox/data_sets/nrt_nasatime_seaice/nt_20170614_f18_nrt_n.csv,10000
/Users/bell/in_and_outbox/data_sets/nrt_nasatime_seaice/nt_20170615_f18_nrt_n.csv,7500
/Users/bell/in_and_outbox/data_sets/nrt_nasatime_seaice/nt_20170616_f18_nrt_n.csv,3750
/Users/bell/in_and_outbox/data_sets/nrt_nasatime_seaice/nt_20170617_f18_nrt_n.csv,5000
/Users/bell/in_and_outbox/data_sets/nrt_nasatime_seaice/nt_20170618_f18_nrt_n.csv,5000
/Users/bell/in_and_outbox/data_sets/nrt_nasatime_seaice/nt_20170619_f18_nrt_n.csv,6250
/Users/bell/in_and_outbox/data_sets/nrt_nasatime_seaice/nt_20170620_f18_nrt_n.csv,10000
/Users/bell/in_and_outbox/data_sets/nrt_nasatime_seaice/nt_20170621_f18_nrt_n.csv,10625
/Users/bell/in_and_outbox/data_sets/nrt_nasatime_seaice/nt_20170622_f18_nrt_n.csv,5625
/Users/bell/in_and_outbox/data_sets/nrt_nasatime_seaice/nt_20170623_f18_nrt_n.csv,13125
/Users/bell/in_and_outbox/data_sets/nrt_nasatime_seaice/nt_20170624_f18_nrt_n.csv,7500
/Users/bell/in_and_outbox/data_sets/nrt_nasatime_seaice/nt_20170625_f18_nrt_n.csv,8750
/Users/bell/in_and_outbox/data_sets/nrt_nasatime_seaice/nt_20170626_f18_nrt_n.csv,10625
/Users/bell/in_and_outbox/data_sets/nrt_nasatime_seaice/nt_20170627_f18_nrt_n.csv,13750
/Users/bell/in_and_outbox/data_sets/nrt_nasatime_seaice/nt_20170628_f18_nrt_n.csv,16875
/Users/bell/in_and_outbox/data_sets/nrt_nasatime_seaice/nt_20170629_f18_nrt_n.csv,6250
/Users/bell/in_and_outbox/data_sets/nrt_nasatime_seaice/nt_20170630_f18_nrt_n.csv,7500
/Users/bell/in_and_outbox/data_sets/nrt_nasatime_seaice/nt_20170701_f18_nrt_n.csv,2500
/Users/bell/in_and_outbox/data_sets/nrt_nasatime_seaice/nt_20170702_f18_nrt_n.csv,5000
/Users/bell/in_and_outbox/data_sets/nrt_nasatime_seaice/nt_20170703_f18_nrt_n.csv,3750
/Users/bell/in_and_outbox/data_sets/nrt_nasatime_seaice/nt_20170704_f18_nrt_n.csv,6875
/Users/bell/in_and_outbox/data_sets/nrt_nasatime_seaice/nt_20170705_f18_nrt_n.csv,13125
/Users/bell/in_and_outbox/data_sets/nrt_nasatime_seaice/nt_20170706_f18_nrt_n.csv,11250
/Users/bell/in_and_outbox/data_sets/nrt_nasatime_seaice/nt_20170707_f18_nrt_n.csv,3125
/Users/bell/in_and_outbox/data_sets/nrt_nasatime_seaice/nt_20170708_f18_nrt_n.csv,8750
/Users/bell/in_and_outbox/data_sets/nrt_nasatime_seaice/nt_20170709_f18_nrt_n.csv,6250
/Users/bell/in_and_outbox/data_sets/nrt_nasatime_seaice/nt_20170710_f18_nrt_n.csv,4375
/Users/bell/in_and_outbox/data_sets/nrt_nasatime_seaice/nt_20170711_f18_nrt_n.csv,3750
/Users/bell/in_and_outbox/data_sets/nrt_nasatime_seaice/nt_20170712_f18_nrt_n.csv,1250
/Users/bell/in_and_outbox/data_sets/nrt_nasatime_seaice/nt_20170713_f18_nrt_n.csv,8125
/Users/bell/in_and_outbox/data_sets/nrt_nasatime_seaice/nt_20170714_f18_nrt_n.csv,7500
/Users/bell/in_and_outbox/data_sets/nrt_nasatime_seaice/nt_20170715_f18_nrt_n.csv,8125
/Users/bell/in_and_outbox/data_sets/nrt_nasatime_seaice/nt_20170716_f18_nrt_n.csv,4375
/Users/bell/in_and_outbox/data_sets/nrt_nasatime_seaice/nt_20170717_f18_nrt_n.csv,12500
/Users/bell/in_and_outbox/data_sets/nrt_nasatime_seaice/nt_20170718_f18_nrt_n.csv,16875
/Users/bell/in_and_outbox/data_sets/nrt_nasatime_seaice/nt_20170719_f18_nrt_n.csv,3125
/Users/bell/in_and_outbox/data_sets/nrt_nasatime_seaice/nt_20170720_f18_nrt_n.csv,4375
/Users/bell/in_and_outbox/data_sets/nrt_nasatime_seaice/nt_20170721_f18_nrt_n.csv,3750
/Users/bell/in_and_outbox/data_sets/nrt_nasatime_seaice/nt_20170722_f18_nrt_n.csv,9375
/Users/bell/in_and_outbox/data_sets/nrt_nasatime_seaice/nt_20170723_f18_nrt_n.csv,14375
/Users/bell/in_and_outbox/data_sets/nrt_nasatime_seaice/nt_20170724_f18_nrt_n.csv,10625
/Users/bell/in_and_outbox/data_sets/nrt_nasatime_seaice/nt_20170725_f18_nrt_n.csv,1875
/Users/bell/in_and_outbox/data_sets/nrt_nasatime_seaice/nt_20170726_f18_nrt_n.csv,11875
/Users/bell/in_and_outbox/data_sets/nrt_nasatime_seaice/nt_20170727_f18_nrt_n.csv,11250
/Users/bell/in_and_outbox/data_sets/nrt_nasatime_seaice/nt_20170728_f18_nrt_n.csv,7500
/Users/bell/in_and_outbox/data_sets/nrt_nasatime_seaice/nt_20170729_f18_nrt_n.csv,5625
/Users/bell/in_and_outbox/data_sets/nrt_nasatime_seaice/nt_20170730_f18_nrt_n.csv,9375
/Users/bell/in_and_outbox/data_sets/nrt_nasatime_seaice/nt_20170731_f18_nrt_n.csv,13750
/Users/bell/in_and_outbox/data_sets/nrt_nasatime_seaice/nt_20170801_f18_nrt_n.csv,4375
/Users/bell/in_and_outbox/data_sets/nrt_nasatime_seaice/nt_20170802_f18_nrt_n.csv,1875
/Users/bell/in_and_outbox/data_sets/nrt_nasatime_seaice/nt_20170803_f18_nrt_n.csv,1250
/Users/bell/in_and_outbox/data_sets/nrt_nasatime_seaice/nt_20170804_f18_nrt_n.csv,2500
/Users/bell/in_and_outbox/data_sets/nrt_nasatime_seaice/nt_20170805_f18_nrt_n.csv,2500
/Users/bell/in_and_outbox/data_sets/nrt_nasatime_seaice/nt_20170806_f18_nrt_n.csv,1250
/Users/bell/in_and_outbox/data_sets/nrt_nasatime_seaice/nt_20170807_f18_nrt_n.csv,2500
/Users/bell/in_and_outbox/data_sets/nrt_nasatime_seaice/nt_20170808_f18_nrt_n.csv,1250
/Users/bell/in_and_outbox/data_sets/nrt_nasatime_seaice/nt_20170809_f18_nrt_n.csv,3750
/Users/bell/in_and_outbox/data_sets/nrt_nasatime_seaice/nt_20170810_f18_nrt_n.csv,2500
/Users/bell/in_and_outbox/data_sets/nrt_nasatime_seaice/nt_20170811_f18_nrt_n.csv,6875
/Users/bell/in_and_outbox/data_sets/nrt_nasatime_seaice/nt_20170812_f18_nrt_n.csv,2500
/Users/bell/in_and_outbox/data_sets/nrt_nasatime_seaice/nt_20170813_f18_nrt_n.csv,5000
/Users/bell/in_and_outbox/data_sets/nrt_nasatime_seaice/nt_20170814_f18_nrt_n.csv,1875
/Users/bell/in_and_outbox/data_sets/nrt_nasatime_seaice/nt_20170815_f18_nrt_n.csv,625
/Users/bell/in_and_outbox/data_sets/nrt_nasatime_seaice/nt_20170816_f18_nrt_n.csv,3750
/Users/bell/in_and_outbox/data_sets/nrt_nasatime_seaice/nt_20170817_f18_nrt_n.csv,625
/Users/bell/in_and_outbox/data_sets/nrt_nasatime_seaice/nt_20170818_f18_nrt_n.csv,1875
/Users/bell/in_and_outbox/data_sets/nrt_nasatime_seaice/nt_20170819_f18_nrt_n.csv,3125
/Users/bell/in_and_outbox/data_sets/nrt_nasatime_seaice/nt_20170820_f18_nrt_n.csv,625
/Users/bell/in_and_outbox/data_sets/nrt_nasatime_seaice/nt_20170821_f18_nrt_n.csv,1250
/Users/bell/in_and_outbox/data_sets/nrt_nasatime_seaice/nt_20170822_f18_nrt_n.csv,625
/Users/bell/in_and_outbox/data_sets/nrt_nasatime_seaice/nt_20170823_f18_nrt_n.csv,625
/Users/bell/in_and_outbox/data_sets/nrt_nasatime_seaice/nt_20170824_f18_nrt_n.csv,3750
/Users/bell/in_and_outbox/data_sets/nrt_nasatime_seaice/nt_20170825_f18_nrt_n.csv,625
/Users/bell/in_and_outbox/data_sets/nrt_nasatime_seaice/nt_20170826_f18_nrt_n.csv,625
/Users/bell/in_and_outbox/data_sets/nrt_nasatime_seaice/nt_20170827_f18_nrt_n.csv,625
/Users/bell/in_and_outbox/data_sets/nrt_nasatime_seaice/nt_20170828_f18_nrt_n.csv,1875
/Users/bell/in_and_outbox/data_sets/nrt_nasatime_seaice/nt_20170829_f18_nrt_n.csv,1250
/Users/bell/in_and_outbox/data_sets/nrt_nasatime_seaice/nt_20170830_f18_nrt_n.csv,1250
/Users/bell/in_and_outbox/data_sets/nrt_nasatime_seaice/nt_20170831_f18_nrt_n.csv,625
/Users/bell/in_and_outbox/data_sets/nrt_nasatime_seaice/nt_20170901_f18_nrt_n.csv,0
/Users/bell/in_and_outbox/data_sets/nrt_nasatime_seaice/nt_20170902_f18_nrt_n.csv,0
/Users/bell/in_and_outbox/data_sets/nrt_nasatime_seaice/nt_20170903_f18_nrt_n.csv,1250
/Users/bell/in_and_outbox/data_sets/nrt_nasatime_seaice/nt_20170904_f18_nrt_n.csv,1875
/Users/bell/in_and_outbox/data_sets/nrt_nasatime_seaice/nt_20170905_f18_nrt_n.csv,625
/Users/bell/in_and_outbox/data_sets/nrt_nasatime_seaice/nt_20170906_f18_nrt_n.csv,0
/Users/bell/in_and_outbox/data_sets/nrt_nasatime_seaice/nt_20170907_f18_nrt_n.csv,0
/Users/bell/in_and_outbox/data_sets/nrt_nasatime_seaice/nt_20170908_f18_nrt_n.csv,625
/Users/bell/in_and_outbox/data_sets/nrt_nasatime_seaice/nt_20170909_f18_nrt_n.csv,1875
/Users/bell/in_and_outbox/data_sets/nrt_nasatime_seaice/nt_20170910_f18_nrt_n.csv,0
/Users/bell/in_and_outbox/data_sets/nrt_nasatime_seaice/nt_20170911_f18_nrt_n.csv,1250
/Users/bell/in_and_outbox/data_sets/nrt_nasatime_seaice/nt_20170912_f18_nrt_n.csv,1250
/Users/bell/in_and_outbox/data_sets/nrt_nasatime_seaice/nt_20170913_f18_nrt_n.csv,1250
/Users/bell/in_and_outbox/data_sets/nrt_nasatime_seaice/nt_20170914_f18_nrt_n.csv,0
/Users/bell/in_and_outbox/data_sets/nrt_nasatime_seaice/nt_20170915_f18_nrt_n.csv,0
/Users/bell/in_and_outbox/data_sets/nrt_nasatime_seaice/nt_20170916_f18_nrt_n.csv,0
/Users/bell/in_and_outbox/data_sets/nrt_nasatime_seaice/nt_20170917_f18_nrt_n.csv,0
/Users/bell/in_and_outbox/data_sets/nrt_nasatime_seaice/nt_20170918_f18_nrt_n.csv,0
/Users/bell/in_and_outbox/data_sets/nrt_nasatime_seaice/nt_20170919_f18_nrt_n.csv,1250
/Users/bell/in_and_outbox/data_sets/nrt_nasatime_seaice/nt_20170920_f18_nrt_n.csv,0
/Users/bell/in_and_outbox/data_sets/nrt_nasatime_seaice/nt_20170921_f18_nrt_n.csv,1250
/Users/bell/in_and_outbox/data_sets/nrt_nasatime_seaice/nt_20170922_f18_nrt_n.csv,1250
/Users/bell/in_and_outbox/data_sets/nrt_nasatime_seaice/nt_20170923_f18_nrt_n.csv,1250
/Users/bell/in_and_outbox/data_sets/nrt_nasatime_seaice/nt_20170924_f18_nrt_n.csv,1250
/Users/bell/in_and_outbox/data_sets/nrt_nasatime_seaice/nt_20170925_f18_nrt_n.csv,0
/Users/bell/in_and_outbox/data_sets/nrt_nasatime_seaice/nt_20170926_f18_nrt_n.csv,0
/Users/bell/in_and_outbox/data_sets/nrt_nasatime_seaice/nt_20170927_f18_nrt_n.csv,0
/Users/bell/in_and_outbox/data_sets/nrt_nasatime_seaice/nt_20170928_f18_nrt_n.csv,0
/Users/bell/in_and_outbox/data_sets/nrt_nasatime_seaice/nt_20170929_f18_nrt_n.csv,0
/Users/bell/in_and_outbox/data_sets/nrt_nasatime_seaice/nt_20170930_f18_nrt_n.csv,0
/Users/bell/in_and_outbox/data_sets/nrt_nasatime_seaice/nt_20171001_f18_nrt_n.csv,5000
/Users/bell/in_and_outbox/data_sets/nrt_nasatime_seaice/nt_20171002_f18_nrt_n.csv,9375
/Users/bell/in_and_outbox/data_sets/nrt_nasatime_seaice/nt_20171003_f18_nrt_n.csv,1250
/Users/bell/in_and_outbox/data_sets/nrt_nasatime_seaice/nt_20171004_f18_nrt_n.csv,6250
/Users/bell/in_and_outbox/data_sets/nrt_nasatime_seaice/nt_20171005_f18_nrt_n.csv,44375
/Users/bell/in_and_outbox/data_sets/nrt_nasatime_seaice/nt_20171006_f18_nrt_n.csv,28750
/Users/bell/in_and_outbox/data_sets/nrt_nasatime_seaice/nt_20171007_f18_nrt_n.csv,8125
/Users/bell/in_and_outbox/data_sets/nrt_nasatime_seaice/nt_20171008_f18_nrt_n.csv,11250
/Users/bell/in_and_outbox/data_sets/nrt_nasatime_seaice/nt_20171009_f18_nrt_n.csv,20000
/Users/bell/in_and_outbox/data_sets/nrt_nasatime_seaice/nt_20171010_f18_nrt_n.csv,8750
/Users/bell/in_and_outbox/data_sets/nrt_nasatime_seaice/nt_20171011_f18_nrt_n.csv,13750
/Users/bell/in_and_outbox/data_sets/nrt_nasatime_seaice/nt_20171012_f18_nrt_n.csv,37500
/Users/bell/in_and_outbox/data_sets/nrt_nasatime_seaice/nt_20171013_f18_nrt_n.csv,6875
/Users/bell/in_and_outbox/data_sets/nrt_nasatime_seaice/nt_20171014_f18_nrt_n.csv,2500
/Users/bell/in_and_outbox/data_sets/nrt_nasatime_seaice/nt_20171015_f18_nrt_n.csv,0
/Users/bell/in_and_outbox/data_sets/nrt_nasatime_seaice/nt_20171016_f18_nrt_n.csv,0
/Users/bell/in_and_outbox/data_sets/nrt_nasatime_seaice/nt_20171017_f18_nrt_n.csv,1250
/Users/bell/in_and_outbox/data_sets/nrt_nasatime_seaice/nt_20171018_f18_nrt_n.csv,0
/Users/bell/in_and_outbox/data_sets/nrt_nasatime_seaice/nt_20171019_f18_nrt_n.csv,0
/Users/bell/in_and_outbox/data_sets/nrt_nasatime_seaice/nt_20171020_f18_nrt_n.csv,0
/Users/bell/in_and_outbox/data_sets/nrt_nasatime_seaice/nt_20171021_f18_nrt_n.csv,625
/Users/bell/in_and_outbox/data_sets/nrt_nasatime_seaice/nt_20171022_f18_nrt_n.csv,0
/Users/bell/in_and_outbox/data_sets/nrt_nasatime_seaice/nt_20171023_f18_nrt_n.csv,0
/Users/bell/in_and_outbox/data_sets/nrt_nasatime_seaice/nt_20171024_f18_nrt_n.csv,0
/Users/bell/in_and_outbox/data_sets/nrt_nasatime_seaice/nt_20171025_f18_nrt_n.csv,16250
/Users/bell/in_and_outbox/data_sets/nrt_nasatime_seaice/nt_20171026_f18_nrt_n.csv,0
/Users/bell/in_and_outbox/data_sets/nrt_nasatime_seaice/nt_20171027_f18_nrt_n.csv,1250
/Users/bell/in_and_outbox/data_sets/nrt_nasatime_seaice/nt_20171028_f18_nrt_n.csv,5000
/Users/bell/in_and_outbox/data_sets/nrt_nasatime_seaice/nt_20171029_f18_nrt_n.csv,7500
/Users/bell/in_and_outbox/data_sets/nrt_nasatime_seaice/nt_20171030_f18_nrt_n.csv,25625
/Users/bell/in_and_outbox/data_sets/nrt_nasatime_seaice/nt_20171031_f18_nrt_n.csv,0
/Users/bell/in_and_outbox/data_sets/nrt_nasatime_seaice/nt_20171101_f18_nrt_n.csv,0
/Users/bell/in_and_outbox/data_sets/nrt_nasatime_seaice/nt_20171102_f18_nrt_n.csv,1875
/Users/bell/in_and_outbox/data_sets/nrt_nasatime_seaice/nt_20171103_f18_nrt_n.csv,2500
/Users/bell/in_and_outbox/data_sets/nrt_nasatime_seaice/nt_20171104_f18_nrt_n.csv,9375
/Users/bell/in_and_outbox/data_sets/nrt_nasatime_seaice/nt_20171105_f18_nrt_n.csv,3750
/Users/bell/in_and_outbox/data_sets/nrt_nasatime_seaice/nt_20171106_f18_nrt_n.csv,9375
/Users/bell/in_and_outbox/data_sets/nrt_nasatime_seaice/nt_20171107_f18_nrt_n.csv,5625
/Users/bell/in_and_outbox/data_sets/nrt_nasatime_seaice/nt_20171108_f18_nrt_n.csv,1250
/Users/bell/in_and_outbox/data_sets/nrt_nasatime_seaice/nt_20171109_f18_nrt_n.csv,6250
/Users/bell/in_and_outbox/data_sets/nrt_nasatime_seaice/nt_20171110_f18_nrt_n.csv,3125
/Users/bell/in_and_outbox/data_sets/nrt_nasatime_seaice/nt_20171111_f18_nrt_n.csv,3750
/Users/bell/in_and_outbox/data_sets/nrt_nasatime_seaice/nt_20171112_f18_nrt_n.csv,1875
/Users/bell/in_and_outbox/data_sets/nrt_nasatime_seaice/nt_20171113_f18_nrt_n.csv,8750
/Users/bell/in_and_outbox/data_sets/nrt_nasatime_seaice/nt_20171114_f18_nrt_n.csv,8125
/Users/bell/in_and_outbox/data_sets/nrt_nasatime_seaice/nt_20171115_f18_nrt_n.csv,10625
/Users/bell/in_and_outbox/data_sets/nrt_nasatime_seaice/nt_20171116_f18_nrt_n.csv,6250
/Users/bell/in_and_outbox/data_sets/nrt_nasatime_seaice/nt_20171117_f18_nrt_n.csv,8750
/Users/bell/in_and_outbox/data_sets/nrt_nasatime_seaice/nt_20171118_f18_nrt_n.csv,16250
/Users/bell/in_and_outbox/data_sets/nrt_nasatime_seaice/nt_20171119_f18_nrt_n.csv,37500
/Users/bell/in_and_outbox/data_sets/nrt_nasatime_seaice/nt_20171120_f18_nrt_n.csv,13750
/Users/bell/in_and_outbox/data_sets/nrt_nasatime_seaice/nt_20171121_f18_nrt_n.csv,66875
/Users/bell/in_and_outbox/data_sets/nrt_nasatime_seaice/nt_20171122_f18_nrt_n.csv,10625
/Users/bell/in_and_outbox/data_sets/nrt_nasatime_seaice/nt_20171123_f18_nrt_n.csv,26250
/Users/bell/in_and_outbox/data_sets/nrt_nasatime_seaice/nt_20171124_f18_nrt_n.csv,16250
/Users/bell/in_and_outbox/data_sets/nrt_nasatime_seaice/nt_20171125_f18_nrt_n.csv,18125
/Users/bell/in_and_outbox/data_sets/nrt_nasatime_seaice/nt_20171126_f18_nrt_n.csv,79375
/Users/bell/in_and_outbox/data_sets/nrt_nasatime_seaice/nt_20171127_f18_nrt_n.csv,48750
/Users/bell/in_and_outbox/data_sets/nrt_nasatime_seaice/nt_20171128_f18_nrt_n.csv,55000
/Users/bell/in_and_outbox/data_sets/nrt_nasatime_seaice/nt_20171129_f18_nrt_n.csv,50625
/Users/bell/in_and_outbox/data_sets/nrt_nasatime_seaice/nt_20171130_f18_nrt_n.csv,48750
/Users/bell/in_and_outbox/data_sets/nrt_nasatime_seaice/nt_20171201_f18_nrt_n.csv,59375
/Users/bell/in_and_outbox/data_sets/nrt_nasatime_seaice/nt_20171202_f18_nrt_n.csv,46875
/Users/bell/in_and_outbox/data_sets/nrt_nasatime_seaice/nt_20171203_f18_nrt_n.csv,54375
/Users/bell/in_and_outbox/data_sets/nrt_nasatime_seaice/nt_20171204_f18_nrt_n.csv,61250
/Users/bell/in_and_outbox/data_sets/nrt_nasatime_seaice/nt_20171205_f18_nrt_n.csv,49375
/Users/bell/in_and_outbox/data_sets/nrt_nasatime_seaice/nt_20171206_f18_nrt_n.csv,50000
/Users/bell/in_and_outbox/data_sets/nrt_nasatime_seaice/nt_20171207_f18_nrt_n.csv,53750
/Users/bell/in_and_outbox/data_sets/nrt_nasatime_seaice/nt_20171208_f18_nrt_n.csv,58750
/Users/bell/in_and_outbox/data_sets/nrt_nasatime_seaice/nt_20171209_f18_nrt_n.csv,71250
/Users/bell/in_and_outbox/data_sets/nrt_nasatime_seaice/nt_20171210_f18_nrt_n.csv,71875
/Users/bell/in_and_outbox/data_sets/nrt_nasatime_seaice/nt_20171211_f18_nrt_n.csv,92500
/Users/bell/in_and_outbox/data_sets/nrt_nasatime_seaice/nt_20171212_f18_nrt_n.csv,81875
/Users/bell/in_and_outbox/data_sets/nrt_nasatime_seaice/nt_20171213_f18_nrt_n.csv,80000
/Users/bell/in_and_outbox/data_sets/nrt_nasatime_seaice/nt_20171214_f18_nrt_n.csv,72500
/Users/bell/in_and_outbox/data_sets/nrt_nasatime_seaice/nt_20171215_f18_nrt_n.csv,93750
/Users/bell/in_and_outbox/data_sets/nrt_nasatime_seaice/nt_20171216_f18_nrt_n.csv,101250
/Users/bell/in_and_outbox/data_sets/nrt_nasatime_seaice/nt_20171217_f18_nrt_n.csv,91875
/Users/bell/in_and_outbox/data_sets/nrt_nasatime_seaice/nt_20171218_f18_nrt_n.csv,96250
/Users/bell/in_and_outbox/data_sets/nrt_nasatime_seaice/nt_20171219_f18_nrt_n.csv,85625
/Users/bell/in_and_outbox/data_sets/nrt_nasatime_seaice/nt_20171220_f18_nrt_n.csv,71250
/Users/bell/in_and_outbox/data_sets/nrt_nasatime_seaice/nt_20171221_f18_nrt_n.csv,71250
/Users/bell/in_and_outbox/data_sets/nrt_nasatime_seaice/nt_20171222_f18_nrt_n.csv,135625
/Users/bell/in_and_outbox/data_sets/nrt_nasatime_seaice/nt_20171223_f18_nrt_n.csv,119375
/Users/bell/in_and_outbox/data_sets/nrt_nasatime_seaice/nt_20171224_f18_nrt_n.csv,73125
/Users/bell/in_and_outbox/data_sets/nrt_nasatime_seaice/nt_20171225_f18_nrt_n.csv,68125
/Users/bell/in_and_outbox/data_sets/nrt_nasatime_seaice/nt_20171226_f18_nrt_n.csv,72500
/Users/bell/in_and_outbox/data_sets/nrt_nasatime_seaice/nt_20171227_f18_nrt_n.csv,85000
/Users/bell/in_and_outbox/data_sets/nrt_nasatime_seaice/nt_20171228_f18_nrt_n.csv,98125
/Users/bell/in_and_outbox/data_sets/nrt_nasatime_seaice/nt_20171229_f18_nrt_n.csv,106250
/Users/bell/in_and_outbox/data_sets/nrt_nasatime_seaice/nt_20171230_f18_nrt_n.csv,138750
/Users/bell/in_and_outbox/data_sets/nrt_nasatime_seaice/nt_20171231_f18_nrt_n.csv,165625
/Users/bell/in_and_outbox/data_sets/nrt_nasatime_seaice/nt_20180101_f18_nrt_n.csv,145000
/Users/bell/in_and_outbox/data_sets/nrt_nasatime_seaice/nt_20180102_f18_nrt_n.csv,132500
/Users/bell/in_and_outbox/data_sets/nrt_nasatime_seaice/nt_20180103_f18_nrt_n.csv,138750
/Users/bell/in_and_outbox/data_sets/nrt_nasatime_seaice/nt_20180104_f18_nrt_n.csv,138750
/Users/bell/in_and_outbox/data_sets/nrt_nasatime_seaice/nt_20180105_f18_nrt_n.csv,171250
/Users/bell/in_and_outbox/data_sets/nrt_nasatime_seaice/nt_20180106_f18_nrt_n.csv,132500
/Users/bell/in_and_outbox/data_sets/nrt_nasatime_seaice/nt_20180107_f18_nrt_n.csv,100000
/Users/bell/in_and_outbox/data_sets/nrt_nasatime_seaice/nt_20180108_f18_nrt_n.csv,96875
/Users/bell/in_and_outbox/data_sets/nrt_nasatime_seaice/nt_20180109_f18_nrt_n.csv,116250
/Users/bell/in_and_outbox/data_sets/nrt_nasatime_seaice/nt_20180110_f18_nrt_n.csv,121875
/Users/bell/in_and_outbox/data_sets/nrt_nasatime_seaice/nt_20180111_f18_nrt_n.csv,144375
/Users/bell/in_and_outbox/data_sets/nrt_nasatime_seaice/nt_20180112_f18_nrt_n.csv,160625
/Users/bell/in_and_outbox/data_sets/nrt_nasatime_seaice/nt_20180113_f18_nrt_n.csv,176875
/Users/bell/in_and_outbox/data_sets/nrt_nasatime_seaice/nt_20180114_f18_nrt_n.csv,195625
/Users/bell/in_and_outbox/data_sets/nrt_nasatime_seaice/nt_20180115_f18_nrt_n.csv,192500
/Users/bell/in_and_outbox/data_sets/nrt_nasatime_seaice/nt_20180116_f18_nrt_n.csv,186250
/Users/bell/in_and_outbox/data_sets/nrt_nasatime_seaice/nt_20180117_f18_nrt_n.csv,195625
/Users/bell/in_and_outbox/data_sets/nrt_nasatime_seaice/nt_20180118_f18_nrt_n.csv,216250
/Users/bell/in_and_outbox/data_sets/nrt_nasatime_seaice/nt_20180119_f18_nrt_n.csv,242500
/Users/bell/in_and_outbox/data_sets/nrt_nasatime_seaice/nt_20180120_f18_nrt_n.csv,255000
/Users/bell/in_and_outbox/data_sets/nrt_nasatime_seaice/nt_20180121_f18_nrt_n.csv,265000
/Users/bell/in_and_outbox/data_sets/nrt_nasatime_seaice/nt_20180122_f18_nrt_n.csv,284375
/Users/bell/in_and_outbox/data_sets/nrt_nasatime_seaice/nt_20180123_f18_nrt_n.csv,301875
/Users/bell/in_and_outbox/data_sets/nrt_nasatime_seaice/nt_20180124_f18_nrt_n.csv,301250
/Users/bell/in_and_outbox/data_sets/nrt_nasatime_seaice/nt_20180125_f18_nrt_n.csv,308750
/Users/bell/in_and_outbox/data_sets/nrt_nasatime_seaice/nt_20180126_f18_nrt_n.csv,338750
/Users/bell/in_and_outbox/data_sets/nrt_nasatime_seaice/nt_20180127_f18_nrt_n.csv,335000
/Users/bell/in_and_outbox/data_sets/nrt_nasatime_seaice/nt_20180128_f18_nrt_n.csv,331250
/Users/bell/in_and_outbox/data_sets/nrt_nasatime_seaice/nt_20180129_f18_nrt_n.csv,330000
/Users/bell/in_and_outbox/data_sets/nrt_nasatime_seaice/nt_20180130_f18_nrt_n.csv,340625
/Users/bell/in_and_outbox/data_sets/nrt_nasatime_seaice/nt_20180131_f18_nrt_n.csv,345000
/Users/bell/in_and_outbox/data_sets/nrt_nasatime_seaice/nt_20180201_f18_nrt_n.csv,371250
/Users/bell/in_and_outbox/data_sets/nrt_nasatime_seaice/nt_20180202_f18_nrt_n.csv,387500
/Users/bell/in_and_outbox/data_sets/nrt_nasatime_seaice/nt_20180203_f18_nrt_n.csv,426250
/Users/bell/in_and_outbox/data_sets/nrt_nasatime_seaice/nt_20180204_f18_nrt_n.csv,406875
/Users/bell/in_and_outbox/data_sets/nrt_nasatime_seaice/nt_20180205_f18_nrt_n.csv,408125
/Users/bell/in_and_outbox/data_sets/nrt_nasatime_seaice/nt_20180206_f18_nrt_n.csv,395625
/Users/bell/in_and_outbox/data_sets/nrt_nasatime_seaice/nt_20180207_f18_nrt_n.csv,380000
/Users/bell/in_and_outbox/data_sets/nrt_nasatime_seaice/nt_20180208_f18_nrt_n.csv,359375
/Users/bell/in_and_outbox/data_sets/nrt_nasatime_seaice/nt_20180209_f18_nrt_n.csv,360000
/Users/bell/in_and_outbox/data_sets/nrt_nasatime_seaice/nt_20180210_f18_nrt_n.csv,314375
/Users/bell/in_and_outbox/data_sets/nrt_nasatime_seaice/nt_20180211_f18_nrt_n.csv,301875
/Users/bell/in_and_outbox/data_sets/nrt_nasatime_seaice/nt_20180212_f18_nrt_n.csv,291250
/Users/bell/in_and_outbox/data_sets/nrt_nasatime_seaice/nt_20180213_f18_nrt_n.csv,285625
/Users/bell/in_and_outbox/data_sets/nrt_nasatime_seaice/nt_20180214_f18_nrt_n.csv,241875
/Users/bell/in_and_outbox/data_sets/nrt_nasatime_seaice/nt_20180215_f18_nrt_n.csv,240625
/Users/bell/in_and_outbox/data_sets/nrt_nasatime_seaice/nt_20180216_f18_nrt_n.csv,235000
/Users/bell/in_and_outbox/data_sets/nrt_nasatime_seaice/nt_20180217_f18_nrt_n.csv,210625
/Users/bell/in_and_outbox/data_sets/nrt_nasatime_seaice/nt_20180218_f18_nrt_n.csv,243125
/Users/bell/in_and_outbox/data_sets/nrt_nasatime_seaice/nt_20180219_f18_nrt_n.csv,193750
/Users/bell/in_and_outbox/data_sets/nrt_nasatime_seaice/nt_20180220_f18_nrt_n.csv,161250
/Users/bell/in_and_outbox/data_sets/nrt_nasatime_seaice/nt_20180221_f18_nrt_n.csv,142500
/Users/bell/in_and_outbox/data_sets/nrt_nasatime_seaice/nt_20180222_f18_nrt_n.csv,149375
/Users/bell/in_and_outbox/data_sets/nrt_nasatime_seaice/nt_20180223_f18_nrt_n.csv,178125
/Users/bell/in_and_outbox/data_sets/nrt_nasatime_seaice/nt_20180224_f18_nrt_n.csv,220625
/Users/bell/in_and_outbox/data_sets/nrt_nasatime_seaice/nt_20180225_f18_nrt_n.csv,240625
/Users/bell/in_and_outbox/data_sets/nrt_nasatime_seaice/nt_20180226_f18_nrt_n.csv,280625
/Users/bell/in_and_outbox/data_sets/nrt_nasatime_seaice/nt_20180227_f18_nrt_n.csv,268125
/Users/bell/in_and_outbox/data_sets/nrt_nasatime_seaice/nt_20180228_f18_nrt_n.csv,287500
/Users/bell/in_and_outbox/data_sets/nrt_nasatime_seaice/nt_20180301_f18_nrt_n.csv,281250
/Users/bell/in_and_outbox/data_sets/nrt_nasatime_seaice/nt_20180302_f18_nrt_n.csv,255000
/Users/bell/in_and_outbox/data_sets/nrt_nasatime_seaice/nt_20180303_f18_nrt_n.csv,246250
/Users/bell/in_and_outbox/data_sets/nrt_nasatime_seaice/nt_20180304_f18_nrt_n.csv,238125
/Users/bell/in_and_outbox/data_sets/nrt_nasatime_seaice/nt_20180305_f18_nrt_n.csv,199375
/Users/bell/in_and_outbox/data_sets/nrt_nasatime_seaice/nt_20180306_f18_nrt_n.csv,197500
/Users/bell/in_and_outbox/data_sets/nrt_nasatime_seaice/nt_20180307_f18_nrt_n.csv,208750
/Users/bell/in_and_outbox/data_sets/nrt_nasatime_seaice/nt_20180308_f18_nrt_n.csv,203125
/Users/bell/in_and_outbox/data_sets/nrt_nasatime_seaice/nt_20180309_f18_nrt_n.csv,216250
/Users/bell/in_and_outbox/data_sets/nrt_nasatime_seaice/nt_20180310_f18_nrt_n.csv,301875
/Users/bell/in_and_outbox/data_sets/nrt_nasatime_seaice/nt_20180311_f18_nrt_n.csv,332500
/Users/bell/in_and_outbox/data_sets/nrt_nasatime_seaice/nt_20180312_f18_nrt_n.csv,351250
/Users/bell/in_and_outbox/data_sets/nrt_nasatime_seaice/nt_20180313_f18_nrt_n.csv,356875
/Users/bell/in_and_outbox/data_sets/nrt_nasatime_seaice/nt_20180314_f18_nrt_n.csv,353750
/Users/bell/in_and_outbox/data_sets/nrt_nasatime_seaice/nt_20180315_f18_nrt_n.csv,377500
/Users/bell/in_and_outbox/data_sets/nrt_nasatime_seaice/nt_20180316_f18_nrt_n.csv,385625
/Users/bell/in_and_outbox/data_sets/nrt_nasatime_seaice/nt_20180317_f18_nrt_n.csv,403750
/Users/bell/in_and_outbox/data_sets/nrt_nasatime_seaice/nt_20180318_f18_nrt_n.csv,380625
/Users/bell/in_and_outbox/data_sets/nrt_nasatime_seaice/nt_20180319_f18_nrt_n.csv,359375
/Users/bell/in_and_outbox/data_sets/nrt_nasatime_seaice/nt_20180320_f18_nrt_n.csv,340000
/Users/bell/in_and_outbox/data_sets/nrt_nasatime_seaice/nt_20180321_f18_nrt_n.csv,335625
/Users/bell/in_and_outbox/data_sets/nrt_nasatime_seaice/nt_20180322_f18_nrt_n.csv,320625
/Users/bell/in_and_outbox/data_sets/nrt_nasatime_seaice/nt_20180323_f18_nrt_n.csv,251250
/Users/bell/in_and_outbox/data_sets/nrt_nasatime_seaice/nt_20180324_f18_nrt_n.csv,211250
/Users/bell/in_and_outbox/data_sets/nrt_nasatime_seaice/nt_20180325_f18_nrt_n.csv,224375
/Users/bell/in_and_outbox/data_sets/nrt_nasatime_seaice/nt_20180326_f18_nrt_n.csv,225625
/Users/bell/in_and_outbox/data_sets/nrt_nasatime_seaice/nt_20180327_f18_nrt_n.csv,230000
/Users/bell/in_and_outbox/data_sets/nrt_nasatime_seaice/nt_20180328_f18_nrt_n.csv,223750
/Users/bell/in_and_outbox/data_sets/nrt_nasatime_seaice/nt_20180329_f18_nrt_n.csv,211250
/Users/bell/in_and_outbox/data_sets/nrt_nasatime_seaice/nt_20180330_f18_nrt_n.csv,214375
/Users/bell/in_and_outbox/data_sets/nrt_nasatime_seaice/nt_20180331_f18_nrt_n.csv,195000
/Users/bell/in_and_outbox/data_sets/nrt_nasatime_seaice/nt_20180401_f18_nrt_n.csv,176250
/Users/bell/in_and_outbox/data_sets/nrt_nasatime_seaice/nt_20180402_f18_nrt_n.csv,166250
/Users/bell/in_and_outbox/data_sets/nrt_nasatime_seaice/nt_20180403_f18_nrt_n.csv,152500
/Users/bell/in_and_outbox/data_sets/nrt_nasatime_seaice/nt_20180404_f18_nrt_n.csv,145000
/Users/bell/in_and_outbox/data_sets/nrt_nasatime_seaice/nt_20180405_f18_nrt_n.csv,166875
/Users/bell/in_and_outbox/data_sets/nrt_nasatime_seaice/nt_20180406_f18_nrt_n.csv,181875
/Users/bell/in_and_outbox/data_sets/nrt_nasatime_seaice/nt_20180407_f18_nrt_n.csv,193125
/Users/bell/in_and_outbox/data_sets/nrt_nasatime_seaice/nt_20180408_f18_nrt_n.csv,185625
/Users/bell/in_and_outbox/data_sets/nrt_nasatime_seaice/nt_20180409_f18_nrt_n.csv,174375
/Users/bell/in_and_outbox/data_sets/nrt_nasatime_seaice/nt_20180410_f18_nrt_n.csv,188125
/Users/bell/in_and_outbox/data_sets/nrt_nasatime_seaice/nt_20180411_f18_nrt_n.csv,160000
/Users/bell/in_and_outbox/data_sets/nrt_nasatime_seaice/nt_20180412_f18_nrt_n.csv,160625
/Users/bell/in_and_outbox/data_sets/nrt_nasatime_seaice/nt_20180413_f18_nrt_n.csv,170625
/Users/bell/in_and_outbox/data_sets/nrt_nasatime_seaice/nt_20180414_f18_nrt_n.csv,163125
/Users/bell/in_and_outbox/data_sets/nrt_nasatime_seaice/nt_20180415_f18_nrt_n.csv,181875
/Users/bell/in_and_outbox/data_sets/nrt_nasatime_seaice/nt_20180416_f18_nrt_n.csv,118125
/Users/bell/in_and_outbox/data_sets/nrt_nasatime_seaice/nt_20180417_f18_nrt_n.csv,106250
/Users/bell/in_and_outbox/data_sets/nrt_nasatime_seaice/nt_20180418_f18_nrt_n.csv,101250
/Users/bell/in_and_outbox/data_sets/nrt_nasatime_seaice/nt_20180419_f18_nrt_n.csv,78125
/Users/bell/in_and_outbox/data_sets/nrt_nasatime_seaice/nt_20180420_f18_nrt_n.csv,72500
/Users/bell/in_and_outbox/data_sets/nrt_nasatime_seaice/nt_20180421_f18_nrt_n.csv,75625
/Users/bell/in_and_outbox/data_sets/nrt_nasatime_seaice/nt_20180422_f18_nrt_n.csv,78125
/Users/bell/in_and_outbox/data_sets/nrt_nasatime_seaice/nt_20180423_f18_nrt_n.csv,76250
/Users/bell/in_and_outbox/data_sets/nrt_nasatime_seaice/nt_20180424_f18_nrt_n.csv,93125
/Users/bell/in_and_outbox/data_sets/nrt_nasatime_seaice/nt_20180425_f18_nrt_n.csv,69375
/Users/bell/in_and_outbox/data_sets/nrt_nasatime_seaice/nt_20180426_f18_nrt_n.csv,56250
/Users/bell/in_and_outbox/data_sets/nrt_nasatime_seaice/nt_20180427_f18_nrt_n.csv,49375
/Users/bell/in_and_outbox/data_sets/nrt_nasatime_seaice/nt_20180428_f18_nrt_n.csv,57500
/Users/bell/in_and_outbox/data_sets/nrt_nasatime_seaice/nt_20180429_f18_nrt_n.csv,51250
/Users/bell/in_and_outbox/data_sets/nrt_nasatime_seaice/nt_20180430_f18_nrt_n.csv,40625
/Users/bell/in_and_outbox/data_sets/nrt_nasatime_seaice/nt_20180501_f18_nrt_n.csv,40000
/Users/bell/in_and_outbox/data_sets/nrt_nasatime_seaice/nt_20180502_f18_nrt_n.csv,38125
/Users/bell/in_and_outbox/data_sets/nrt_nasatime_seaice/nt_20180503_f18_nrt_n.csv,40625
/Users/bell/in_and_outbox/data_sets/nrt_nasatime_seaice/nt_20180504_f18_nrt_n.csv,39375
/Users/bell/in_and_outbox/data_sets/nrt_nasatime_seaice/nt_20180505_f18_nrt_n.csv,33750
/Users/bell/in_and_outbox/data_sets/nrt_nasatime_seaice/nt_20180506_f18_nrt_n.csv,18750
/Users/bell/in_and_outbox/data_sets/nrt_nasatime_seaice/nt_20180507_f18_nrt_n.csv,28125
/Users/bell/in_and_outbox/data_sets/nrt_nasatime_seaice/nt_20180508_f18_nrt_n.csv,44375
/Users/bell/in_and_outbox/data_sets/nrt_nasatime_seaice/nt_20180509_f18_nrt_n.csv,16250
/Users/bell/in_and_outbox/data_sets/nrt_nasatime_seaice/nt_20180510_f18_nrt_n.csv,19375
/Users/bell/in_and_outbox/data_sets/nrt_nasatime_seaice/nt_20180511_f18_nrt_n.csv,29375
/Users/bell/in_and_outbox/data_sets/nrt_nasatime_seaice/nt_20180512_f18_nrt_n.csv,20000
/Users/bell/in_and_outbox/data_sets/nrt_nasatime_seaice/nt_20180513_f18_nrt_n.csv,13125
/Users/bell/in_and_outbox/data_sets/nrt_nasatime_seaice/nt_20180514_f18_nrt_n.csv,8750
/Users/bell/in_and_outbox/data_sets/nrt_nasatime_seaice/nt_20180515_f18_nrt_n.csv,8750
/Users/bell/in_and_outbox/data_sets/nrt_nasatime_seaice/nt_20180516_f18_nrt_n.csv,8125
/Users/bell/in_and_outbox/data_sets/nrt_nasatime_seaice/nt_20180517_f18_nrt_n.csv,18750
/Users/bell/in_and_outbox/data_sets/nrt_nasatime_seaice/nt_20180518_f18_nrt_n.csv,20000
/Users/bell/in_and_outbox/data_sets/nrt_nasatime_seaice/nt_20180519_f18_nrt_n.csv,12500
/Users/bell/in_and_outbox/data_sets/nrt_nasatime_seaice/nt_20180520_f18_nrt_n.csv,10625
/Users/bell/in_and_outbox/data_sets/nrt_nasatime_seaice/nt_20180521_f18_nrt_n.csv,13125
/Users/bell/in_and_outbox/data_sets/nrt_nasatime_seaice/nt_20180522_f18_nrt_n.csv,13125
/Users/bell/in_and_outbox/data_sets/nrt_nasatime_seaice/nt_20180523_f18_nrt_n.csv,13125
/Users/bell/in_and_outbox/data_sets/nrt_nasatime_seaice/nt_20180524_f18_nrt_n.csv,8125
/Users/bell/in_and_outbox/data_sets/nrt_nasatime_seaice/nt_20180525_f18_nrt_n.csv,7500
/Users/bell/in_and_outbox/data_sets/nrt_nasatime_seaice/nt_20180526_f18_nrt_n.csv,11250
/Users/bell/in_and_outbox/data_sets/nrt_nasatime_seaice/nt_20180527_f18_nrt_n.csv,9375
/Users/bell/in_and_outbox/data_sets/nrt_nasatime_seaice/nt_20180528_f18_nrt_n.csv,5625
/Users/bell/in_and_outbox/data_sets/nrt_nasatime_seaice/nt_20180529_f18_nrt_n.csv,16875
/Users/bell/in_and_outbox/data_sets/nrt_nasatime_seaice/nt_20180530_f18_nrt_n.csv,11250
/Users/bell/in_and_outbox/data_sets/nrt_nasatime_seaice/nt_20180531_f18_nrt_n.csv,5625
/Users/bell/in_and_outbox/data_sets/nrt_nasatime_seaice/nt_20180601_f18_nrt_n.csv,5625
/Users/bell/in_and_outbox/data_sets/nrt_nasatime_seaice/nt_20180602_f18_nrt_n.csv,11250
/Users/bell/in_and_outbox/data_sets/nrt_nasatime_seaice/nt_20180603_f18_nrt_n.csv,8125
/Users/bell/in_and_outbox/data_sets/nrt_nasatime_seaice/nt_20180604_f18_nrt_n.csv,6250
/Users/bell/in_and_outbox/data_sets/nrt_nasatime_seaice/nt_20180605_f18_nrt_n.csv,3125
/Users/bell/in_and_outbox/data_sets/nrt_nasatime_seaice/nt_20180606_f18_nrt_n.csv,2500
/Users/bell/in_and_outbox/data_sets/nrt_nasatime_seaice/nt_20180607_f18_nrt_n.csv,4375
/Users/bell/in_and_outbox/data_sets/nrt_nasatime_seaice/nt_20180608_f18_nrt_n.csv,2500
/Users/bell/in_and_outbox/data_sets/nrt_nasatime_seaice/nt_20180609_f18_nrt_n.csv,1250
/Users/bell/in_and_outbox/data_sets/nrt_nasatime_seaice/nt_20180610_f18_nrt_n.csv,2500
/Users/bell/in_and_outbox/data_sets/nrt_nasatime_seaice/nt_20180611_f18_nrt_n.csv,3750
/Users/bell/in_and_outbox/data_sets/nrt_nasatime_seaice/nt_20180612_f18_nrt_n.csv,1875
/Users/bell/in_and_outbox/data_sets/nrt_nasatime_seaice/nt_20180613_f18_nrt_n.csv,625
/Users/bell/in_and_outbox/data_sets/nrt_nasatime_seaice/nt_20180614_f18_nrt_n.csv,3750
/Users/bell/in_and_outbox/data_sets/nrt_nasatime_seaice/nt_20180615_f18_nrt_n.csv,6875
/Users/bell/in_and_outbox/data_sets/nrt_nasatime_seaice/nt_20180616_f18_nrt_n.csv,6250
/Users/bell/in_and_outbox/data_sets/nrt_nasatime_seaice/nt_20180617_f18_nrt_n.csv,11250
/Users/bell/in_and_outbox/data_sets/nrt_nasatime_seaice/nt_20180618_f18_nrt_n.csv,10625
/Users/bell/in_and_outbox/data_sets/nrt_nasatime_seaice/nt_20180619_f18_nrt_n.csv,12500
/Users/bell/in_and_outbox/data_sets/nrt_nasatime_seaice/nt_20180620_f18_nrt_n.csv,7500
/Users/bell/in_and_outbox/data_sets/nrt_nasatime_seaice/nt_20180621_f18_nrt_n.csv,6250
/Users/bell/in_and_outbox/data_sets/nrt_nasatime_seaice/nt_20180622_f18_nrt_n.csv,13750
/Users/bell/in_and_outbox/data_sets/nrt_nasatime_seaice/nt_20180623_f18_nrt_n.csv,3750
/Users/bell/in_and_outbox/data_sets/nrt_nasatime_seaice/nt_20180624_f18_nrt_n.csv,1875
/Users/bell/in_and_outbox/data_sets/nrt_nasatime_seaice/nt_20180625_f18_nrt_n.csv,2500
/Users/bell/in_and_outbox/data_sets/nrt_nasatime_seaice/nt_20180626_f18_nrt_n.csv,10625
/Users/bell/in_and_outbox/data_sets/nrt_nasatime_seaice/nt_20180627_f18_nrt_n.csv,46250
/Users/bell/in_and_outbox/data_sets/nrt_nasatime_seaice/nt_20180628_f18_nrt_n.csv,9375
/Users/bell/in_and_outbox/data_sets/nrt_nasatime_seaice/nt_20180629_f18_nrt_n.csv,3125
/Users/bell/in_and_outbox/data_sets/nrt_nasatime_seaice/nt_20180630_f18_nrt_n.csv,5625
/Users/bell/in_and_outbox/data_sets/nrt_nasatime_seaice/nt_20180701_f18_nrt_n.csv,4375
/Users/bell/in_and_outbox/data_sets/nrt_nasatime_seaice/nt_20180702_f18_nrt_n.csv,3125
/Users/bell/in_and_outbox/data_sets/nrt_nasatime_seaice/nt_20180703_f18_nrt_n.csv,1875
/Users/bell/in_and_outbox/data_sets/nrt_nasatime_seaice/nt_20180704_f18_nrt_n.csv,2500
/Users/bell/in_and_outbox/data_sets/nrt_nasatime_seaice/nt_20180705_f18_nrt_n.csv,1250
/Users/bell/in_and_outbox/data_sets/nrt_nasatime_seaice/nt_20180706_f18_nrt_n.csv,0
/Users/bell/in_and_outbox/data_sets/nrt_nasatime_seaice/nt_20180707_f18_nrt_n.csv,625
/Users/bell/in_and_outbox/data_sets/nrt_nasatime_seaice/nt_20180708_f18_nrt_n.csv,15000
/Users/bell/in_and_outbox/data_sets/nrt_nasatime_seaice/nt_20180709_f18_nrt_n.csv,7500
/Users/bell/in_and_outbox/data_sets/nrt_nasatime_seaice/nt_20180710_f18_nrt_n.csv,3750
/Users/bell/in_and_outbox/data_sets/nrt_nasatime_seaice/nt_20180711_f18_nrt_n.csv,3750
/Users/bell/in_and_outbox/data_sets/nrt_nasatime_seaice/nt_20180712_f18_nrt_n.csv,1250
/Users/bell/in_and_outbox/data_sets/nrt_nasatime_seaice/nt_20180713_f18_nrt_n.csv,5625
/Users/bell/in_and_outbox/data_sets/nrt_nasatime_seaice/nt_20180714_f18_nrt_n.csv,2500
/Users/bell/in_and_outbox/data_sets/nrt_nasatime_seaice/nt_20180715_f18_nrt_n.csv,10000
/Users/bell/in_and_outbox/data_sets/nrt_nasatime_seaice/nt_20180716_f18_nrt_n.csv,5000
/Users/bell/in_and_outbox/data_sets/nrt_nasatime_seaice/nt_20180717_f18_nrt_n.csv,4375
/Users/bell/in_and_outbox/data_sets/nrt_nasatime_seaice/nt_20180718_f18_nrt_n.csv,11875
/Users/bell/in_and_outbox/data_sets/nrt_nasatime_seaice/nt_20180719_f18_nrt_n.csv,7500
/Users/bell/in_and_outbox/data_sets/nrt_nasatime_seaice/nt_20180720_f18_nrt_n.csv,6875
/Users/bell/in_and_outbox/data_sets/nrt_nasatime_seaice/nt_20180721_f18_nrt_n.csv,6875
/Users/bell/in_and_outbox/data_sets/nrt_nasatime_seaice/nt_20180722_f18_nrt_n.csv,4375
/Users/bell/in_and_outbox/data_sets/nrt_nasatime_seaice/nt_20180723_f18_nrt_n.csv,5000
/Users/bell/in_and_outbox/data_sets/nrt_nasatime_seaice/nt_20180724_f18_nrt_n.csv,1875
/Users/bell/in_and_outbox/data_sets/nrt_nasatime_seaice/nt_20180725_f18_nrt_n.csv,5625
/Users/bell/in_and_outbox/data_sets/nrt_nasatime_seaice/nt_20180726_f18_nrt_n.csv,6250
/Users/bell/in_and_outbox/data_sets/nrt_nasatime_seaice/nt_20180727_f18_nrt_n.csv,11875
/Users/bell/in_and_outbox/data_sets/nrt_nasatime_seaice/nt_20180728_f18_nrt_n.csv,10000
/Users/bell/in_and_outbox/data_sets/nrt_nasatime_seaice/nt_20180729_f18_nrt_n.csv,7500
/Users/bell/in_and_outbox/data_sets/nrt_nasatime_seaice/nt_20180730_f18_nrt_n.csv,10000
/Users/bell/in_and_outbox/data_sets/nrt_nasatime_seaice/nt_20180731_f18_nrt_n.csv,11250
/Users/bell/in_and_outbox/data_sets/nrt_nasatime_seaice/nt_20180801_f18_nrt_n.csv,4375
/Users/bell/in_and_outbox/data_sets/nrt_nasatime_seaice/nt_20180802_f18_nrt_n.csv,3125
/Users/bell/in_and_outbox/data_sets/nrt_nasatime_seaice/nt_20180803_f18_nrt_n.csv,2500
/Users/bell/in_and_outbox/data_sets/nrt_nasatime_seaice/nt_20180804_f18_nrt_n.csv,1875
/Users/bell/in_and_outbox/data_sets/nrt_nasatime_seaice/nt_20180805_f18_nrt_n.csv,3750
/Users/bell/in_and_outbox/data_sets/nrt_nasatime_seaice/nt_20180806_f18_nrt_n.csv,1250
/Users/bell/in_and_outbox/data_sets/nrt_nasatime_seaice/nt_20180807_f18_nrt_n.csv,1875
/Users/bell/in_and_outbox/data_sets/nrt_nasatime_seaice/nt_20180808_f18_nrt_n.csv,625
/Users/bell/in_and_outbox/data_sets/nrt_nasatime_seaice/nt_20180809_f18_nrt_n.csv,1250
/Users/bell/in_and_outbox/data_sets/nrt_nasatime_seaice/nt_20180810_f18_nrt_n.csv,625
/Users/bell/in_and_outbox/data_sets/nrt_nasatime_seaice/nt_20180811_f18_nrt_n.csv,625
/Users/bell/in_and_outbox/data_sets/nrt_nasatime_seaice/nt_20180812_f18_nrt_n.csv,3125
/Users/bell/in_and_outbox/data_sets/nrt_nasatime_seaice/nt_20180813_f18_nrt_n.csv,9375
/Users/bell/in_and_outbox/data_sets/nrt_nasatime_seaice/nt_20180814_f18_nrt_n.csv,2500
/Users/bell/in_and_outbox/data_sets/nrt_nasatime_seaice/nt_20180815_f18_nrt_n.csv,625
/Users/bell/in_and_outbox/data_sets/nrt_nasatime_seaice/nt_20180816_f18_nrt_n.csv,625
/Users/bell/in_and_outbox/data_sets/nrt_nasatime_seaice/nt_20180817_f18_nrt_n.csv,625
/Users/bell/in_and_outbox/data_sets/nrt_nasatime_seaice/nt_20180818_f18_nrt_n.csv,1875
/Users/bell/in_and_outbox/data_sets/nrt_nasatime_seaice/nt_20180819_f18_nrt_n.csv,625
/Users/bell/in_and_outbox/data_sets/nrt_nasatime_seaice/nt_20180820_f18_nrt_n.csv,3750
/Users/bell/in_and_outbox/data_sets/nrt_nasatime_seaice/nt_20180821_f18_nrt_n.csv,3750
/Users/bell/in_and_outbox/data_sets/nrt_nasatime_seaice/nt_20180822_f18_nrt_n.csv,1250
/Users/bell/in_and_outbox/data_sets/nrt_nasatime_seaice/nt_20180823_f18_nrt_n.csv,625
/Users/bell/in_and_outbox/data_sets/nrt_nasatime_seaice/nt_20180824_f18_nrt_n.csv,1875
/Users/bell/in_and_outbox/data_sets/nrt_nasatime_seaice/nt_20180825_f18_nrt_n.csv,1250
/Users/bell/in_and_outbox/data_sets/nrt_nasatime_seaice/nt_20180826_f18_nrt_n.csv,1250
/Users/bell/in_and_outbox/data_sets/nrt_nasatime_seaice/nt_20180827_f18_nrt_n.csv,1250
/Users/bell/in_and_outbox/data_sets/nrt_nasatime_seaice/nt_20180828_f18_nrt_n.csv,1875
/Users/bell/in_and_outbox/data_sets/nrt_nasatime_seaice/nt_20180829_f18_nrt_n.csv,625
/Users/bell/in_and_outbox/data_sets/nrt_nasatime_seaice/nt_20180830_f18_nrt_n.csv,1875
/Users/bell/in_and_outbox/data_sets/nrt_nasatime_seaice/nt_20180831_f18_nrt_n.csv,625
/Users/bell/in_and_outbox/data_sets/nrt_nasatime_seaice/nt_20180901_f18_nrt_n.csv,625
/Users/bell/in_and_outbox/data_sets/nrt_nasatime_seaice/nt_20180902_f18_nrt_n.csv,1250
/Users/bell/in_and_outbox/data_sets/nrt_nasatime_seaice/nt_20180903_f18_nrt_n.csv,0
/Users/bell/in_and_outbox/data_sets/nrt_nasatime_seaice/nt_20180904_f18_nrt_n.csv,1250
/Users/bell/in_and_outbox/data_sets/nrt_nasatime_seaice/nt_20180905_f18_nrt_n.csv,625
/Users/bell/in_and_outbox/data_sets/nrt_nasatime_seaice/nt_20180906_f18_nrt_n.csv,0
/Users/bell/in_and_outbox/data_sets/nrt_nasatime_seaice/nt_20180907_f18_nrt_n.csv,0
/Users/bell/in_and_outbox/data_sets/nrt_nasatime_seaice/nt_20180908_f18_nrt_n.csv,0
/Users/bell/in_and_outbox/data_sets/nrt_nasatime_seaice/nt_20180909_f18_nrt_n.csv,1250
/Users/bell/in_and_outbox/data_sets/nrt_nasatime_seaice/nt_20180910_f18_nrt_n.csv,0
/Users/bell/in_and_outbox/data_sets/nrt_nasatime_seaice/nt_20180911_f18_nrt_n.csv,1875
/Users/bell/in_and_outbox/data_sets/nrt_nasatime_seaice/nt_20180912_f18_nrt_n.csv,0
/Users/bell/in_and_outbox/data_sets/nrt_nasatime_seaice/nt_20180913_f18_nrt_n.csv,3750
/Users/bell/in_and_outbox/data_sets/nrt_nasatime_seaice/nt_20180914_f18_nrt_n.csv,3125
/Users/bell/in_and_outbox/data_sets/nrt_nasatime_seaice/nt_20180915_f18_nrt_n.csv,4375
/Users/bell/in_and_outbox/data_sets/nrt_nasatime_seaice/nt_20180916_f18_nrt_n.csv,2500
/Users/bell/in_and_outbox/data_sets/nrt_nasatime_seaice/nt_20180917_f18_nrt_n.csv,2500
/Users/bell/in_and_outbox/data_sets/nrt_nasatime_seaice/nt_20180918_f18_nrt_n.csv,625
/Users/bell/in_and_outbox/data_sets/nrt_nasatime_seaice/nt_20180919_f18_nrt_n.csv,3125
/Users/bell/in_and_outbox/data_sets/nrt_nasatime_seaice/nt_20180920_f18_nrt_n.csv,0
/Users/bell/in_and_outbox/data_sets/nrt_nasatime_seaice/nt_20180921_f18_nrt_n.csv,0
/Users/bell/in_and_outbox/data_sets/nrt_nasatime_seaice/nt_20180922_f18_nrt_n.csv,625
/Users/bell/in_and_outbox/data_sets/nrt_nasatime_seaice/nt_20180923_f18_nrt_n.csv,0
/Users/bell/in_and_outbox/data_sets/nrt_nasatime_seaice/nt_20180924_f18_nrt_n.csv,1875
/Users/bell/in_and_outbox/data_sets/nrt_nasatime_seaice/nt_20180925_f18_nrt_n.csv,0
/Users/bell/in_and_outbox/data_sets/nrt_nasatime_seaice/nt_20180926_f18_nrt_n.csv,0
/Users/bell/in_and_outbox/data_sets/nrt_nasatime_seaice/nt_20180927_f18_nrt_n.csv,0
/Users/bell/in_and_outbox/data_sets/nrt_nasatime_seaice/nt_20180928_f18_nrt_n.csv,2500
/Users/bell/in_and_outbox/data_sets/nrt_nasatime_seaice/nt_20180929_f18_nrt_n.csv,625
/Users/bell/in_and_outbox/data_sets/nrt_nasatime_seaice/nt_20180930_f18_nrt_n.csv,0
/Users/bell/in_and_outbox/data_sets/nrt_nasatime_seaice/nt_20181001_f18_nrt_n.csv,11875
/Users/bell/in_and_outbox/data_sets/nrt_nasatime_seaice/nt_20181002_f18_nrt_n.csv,15625
/Users/bell/in_and_outbox/data_sets/nrt_nasatime_seaice/nt_20181003_f18_nrt_n.csv,23125
/Users/bell/in_and_outbox/data_sets/nrt_nasatime_seaice/nt_20181004_f18_nrt_n.csv,30625
/Users/bell/in_and_outbox/data_sets/nrt_nasatime_seaice/nt_20181005_f18_nrt_n.csv,14375
/Users/bell/in_and_outbox/data_sets/nrt_nasatime_seaice/nt_20181006_f18_nrt_n.csv,19375
/Users/bell/in_and_outbox/data_sets/nrt_nasatime_seaice/nt_20181007_f18_nrt_n.csv,9375
/Users/bell/in_and_outbox/data_sets/nrt_nasatime_seaice/nt_20181008_f18_nrt_n.csv,9375
/Users/bell/in_and_outbox/data_sets/nrt_nasatime_seaice/nt_20181009_f18_nrt_n.csv,18125
/Users/bell/in_and_outbox/data_sets/nrt_nasatime_seaice/nt_20181010_f18_nrt_n.csv,28125
/Users/bell/in_and_outbox/data_sets/nrt_nasatime_seaice/nt_20181011_f18_nrt_n.csv,8750
/Users/bell/in_and_outbox/data_sets/nrt_nasatime_seaice/nt_20181012_f18_nrt_n.csv,35625
/Users/bell/in_and_outbox/data_sets/nrt_nasatime_seaice/nt_20181013_f18_nrt_n.csv,6875
/Users/bell/in_and_outbox/data_sets/nrt_nasatime_seaice/nt_20181014_f18_nrt_n.csv,12500
/Users/bell/in_and_outbox/data_sets/nrt_nasatime_seaice/nt_20181015_f18_nrt_n.csv,11250
/Users/bell/in_and_outbox/data_sets/nrt_nasatime_seaice/nt_20181016_f18_nrt_n.csv,23750
/Users/bell/in_and_outbox/data_sets/nrt_nasatime_seaice/nt_20181017_f18_nrt_n.csv,9375
/Users/bell/in_and_outbox/data_sets/nrt_nasatime_seaice/nt_20181018_f18_nrt_n.csv,8125
/Users/bell/in_and_outbox/data_sets/nrt_nasatime_seaice/nt_20181019_f18_nrt_n.csv,2500
/Users/bell/in_and_outbox/data_sets/nrt_nasatime_seaice/nt_20181020_f18_nrt_n.csv,0
/Users/bell/in_and_outbox/data_sets/nrt_nasatime_seaice/nt_20181021_f18_nrt_n.csv,5000
/Users/bell/in_and_outbox/data_sets/nrt_nasatime_seaice/nt_20181022_f18_nrt_n.csv,10625
/Users/bell/in_and_outbox/data_sets/nrt_nasatime_seaice/nt_20181023_f18_nrt_n.csv,625
/Users/bell/in_and_outbox/data_sets/nrt_nasatime_seaice/nt_20181024_f18_nrt_n.csv,3750
/Users/bell/in_and_outbox/data_sets/nrt_nasatime_seaice/nt_20181025_f18_nrt_n.csv,8750
/Users/bell/in_and_outbox/data_sets/nrt_nasatime_seaice/nt_20181026_f18_nrt_n.csv,2500
/Users/bell/in_and_outbox/data_sets/nrt_nasatime_seaice/nt_20181027_f18_nrt_n.csv,3750
/Users/bell/in_and_outbox/data_sets/nrt_nasatime_seaice/nt_20181028_f18_nrt_n.csv,1250
/Users/bell/in_and_outbox/data_sets/nrt_nasatime_seaice/nt_20181029_f18_nrt_n.csv,2500
/Users/bell/in_and_outbox/data_sets/nrt_nasatime_seaice/nt_20181030_f18_nrt_n.csv,5000
/Users/bell/in_and_outbox/data_sets/nrt_nasatime_seaice/nt_20181031_f18_nrt_n.csv,625
/Users/bell/in_and_outbox/data_sets/nrt_nasatime_seaice/nt_20181101_f18_nrt_n.csv,5000
/Users/bell/in_and_outbox/data_sets/nrt_nasatime_seaice/nt_20181102_f18_nrt_n.csv,14375
/Users/bell/in_and_outbox/data_sets/nrt_nasatime_seaice/nt_20181103_f18_nrt_n.csv,14375
/Users/bell/in_and_outbox/data_sets/nrt_nasatime_seaice/nt_20181104_f18_nrt_n.csv,2500
/Users/bell/in_and_outbox/data_sets/nrt_nasatime_seaice/nt_20181105_f18_nrt_n.csv,1875
/Users/bell/in_and_outbox/data_sets/nrt_nasatime_seaice/nt_20181106_f18_nrt_n.csv,10000
/Users/bell/in_and_outbox/data_sets/nrt_nasatime_seaice/nt_20181107_f18_nrt_n.csv,5625
/Users/bell/in_and_outbox/data_sets/nrt_nasatime_seaice/nt_20181108_f18_nrt_n.csv,1875
/Users/bell/in_and_outbox/data_sets/nrt_nasatime_seaice/nt_20181109_f18_nrt_n.csv,3125
/Users/bell/in_and_outbox/data_sets/nrt_nasatime_seaice/nt_20181110_f18_nrt_n.csv,8125
/Users/bell/in_and_outbox/data_sets/nrt_nasatime_seaice/nt_20181111_f18_nrt_n.csv,28750
/Users/bell/in_and_outbox/data_sets/nrt_nasatime_seaice/nt_20181112_f18_nrt_n.csv,38125
/Users/bell/in_and_outbox/data_sets/nrt_nasatime_seaice/nt_20181113_f18_nrt_n.csv,28125
/Users/bell/in_and_outbox/data_sets/nrt_nasatime_seaice/nt_20181114_f18_nrt_n.csv,8750
/Users/bell/in_and_outbox/data_sets/nrt_nasatime_seaice/nt_20181115_f18_nrt_n.csv,10625
/Users/bell/in_and_outbox/data_sets/nrt_nasatime_seaice/nt_20181116_f18_nrt_n.csv,23125
/Users/bell/in_and_outbox/data_sets/nrt_nasatime_seaice/nt_20181117_f18_nrt_n.csv,15625
/Users/bell/in_and_outbox/data_sets/nrt_nasatime_seaice/nt_20181118_f18_nrt_n.csv,10000
/Users/bell/in_and_outbox/data_sets/nrt_nasatime_seaice/nt_20181119_f18_nrt_n.csv,2500
/Users/bell/in_and_outbox/data_sets/nrt_nasatime_seaice/nt_20181120_f18_nrt_n.csv,2500
/Users/bell/in_and_outbox/data_sets/nrt_nasatime_seaice/nt_20181121_f18_nrt_n.csv,3125
/Users/bell/in_and_outbox/data_sets/nrt_nasatime_seaice/nt_20181122_f18_nrt_n.csv,1875
/Users/bell/in_and_outbox/data_sets/nrt_nasatime_seaice/nt_20181123_f18_nrt_n.csv,5000
/Users/bell/in_and_outbox/data_sets/nrt_nasatime_seaice/nt_20181124_f18_nrt_n.csv,14375
/Users/bell/in_and_outbox/data_sets/nrt_nasatime_seaice/nt_20181125_f18_nrt_n.csv,16875
/Users/bell/in_and_outbox/data_sets/nrt_nasatime_seaice/nt_20181126_f18_nrt_n.csv,26250
/Users/bell/in_and_outbox/data_sets/nrt_nasatime_seaice/nt_20181127_f18_nrt_n.csv,23750
/Users/bell/in_and_outbox/data_sets/nrt_nasatime_seaice/nt_20181128_f18_nrt_n.csv,22500
/Users/bell/in_and_outbox/data_sets/nrt_nasatime_seaice/nt_20181129_f18_nrt_n.csv,23125
/Users/bell/in_and_outbox/data_sets/nrt_nasatime_seaice/nt_20181130_f18_nrt_n.csv,36875
/Users/bell/in_and_outbox/data_sets/nrt_nasatime_seaice/nt_20181201_f18_nrt_n.csv,56875
/Users/bell/in_and_outbox/data_sets/nrt_nasatime_seaice/nt_20181202_f18_nrt_n.csv,31875
/Users/bell/in_and_outbox/data_sets/nrt_nasatime_seaice/nt_20181203_f18_nrt_n.csv,28125
/Users/bell/in_and_outbox/data_sets/nrt_nasatime_seaice/nt_20181204_f18_nrt_n.csv,56875
/Users/bell/in_and_outbox/data_sets/nrt_nasatime_seaice/nt_20181205_f18_nrt_n.csv,56250
/Users/bell/in_and_outbox/data_sets/nrt_nasatime_seaice/nt_20181206_f18_nrt_n.csv,46875
/Users/bell/in_and_outbox/data_sets/nrt_nasatime_seaice/nt_20181207_f18_nrt_n.csv,55625
/Users/bell/in_and_outbox/data_sets/nrt_nasatime_seaice/nt_20181208_f18_nrt_n.csv,59375
/Users/bell/in_and_outbox/data_sets/nrt_nasatime_seaice/nt_20181209_f18_nrt_n.csv,64375
/Users/bell/in_and_outbox/data_sets/nrt_nasatime_seaice/nt_20181210_f18_nrt_n.csv,81250
/Users/bell/in_and_outbox/data_sets/nrt_nasatime_seaice/nt_20181211_f18_nrt_n.csv,87500
/Users/bell/in_and_outbox/data_sets/nrt_nasatime_seaice/nt_20181212_f18_nrt_n.csv,102500
/Users/bell/in_and_outbox/data_sets/nrt_nasatime_seaice/nt_20181213_f18_nrt_n.csv,125625
/Users/bell/in_and_outbox/data_sets/nrt_nasatime_seaice/nt_20181214_f18_nrt_n.csv,139375
/Users/bell/in_and_outbox/data_sets/nrt_nasatime_seaice/nt_20181215_f18_nrt_n.csv,170625
/Users/bell/in_and_outbox/data_sets/nrt_nasatime_seaice/nt_20181216_f18_nrt_n.csv,191250
/Users/bell/in_and_outbox/data_sets/nrt_nasatime_seaice/nt_20181217_f18_nrt_n.csv,215625
/Users/bell/in_and_outbox/data_sets/nrt_nasatime_seaice/nt_20181218_f18_nrt_n.csv,229375
/Users/bell/in_and_outbox/data_sets/nrt_nasatime_seaice/nt_20181219_f18_nrt_n.csv,246875
/Users/bell/in_and_outbox/data_sets/nrt_nasatime_seaice/nt_20181220_f18_nrt_n.csv,261875
/Users/bell/in_and_outbox/data_sets/nrt_nasatime_seaice/nt_20181221_f18_nrt_n.csv,291875
/Users/bell/in_and_outbox/data_sets/nrt_nasatime_seaice/nt_20181222_f18_nrt_n.csv,323750
/Users/bell/in_and_outbox/data_sets/nrt_nasatime_seaice/nt_20181223_f18_nrt_n.csv,331250
/Users/bell/in_and_outbox/data_sets/nrt_nasatime_seaice/nt_20181224_f18_nrt_n.csv,326250
/Users/bell/in_and_outbox/data_sets/nrt_nasatime_seaice/nt_20181225_f18_nrt_n.csv,336250
/Users/bell/in_and_outbox/data_sets/nrt_nasatime_seaice/nt_20181226_f18_nrt_n.csv,353125
/Users/bell/in_and_outbox/data_sets/nrt_nasatime_seaice/nt_20181227_f18_nrt_n.csv,352500
/Users/bell/in_and_outbox/data_sets/nrt_nasatime_seaice/nt_20181228_f18_nrt_n.csv,364375
/Users/bell/in_and_outbox/data_sets/nrt_nasatime_seaice/nt_20181229_f18_nrt_n.csv,387500
/Users/bell/in_and_outbox/data_sets/nrt_nasatime_seaice/nt_20181230_f18_nrt_n.csv,414375
/Users/bell/in_and_outbox/data_sets/nrt_nasatime_seaice/nt_20181231_f18_nrt_n.csv,387500
